[
  {
    "line": 20,
    "elements": [
      {
        "line": 32,
        "name": "Get Biller Config Failed",
        "description": "",
        "id": "get-biller-config-failed;get-biller-config-failed;;2",
        "type": "scenario",
        "keyword": "Scenario Outline",
        "steps": [
          {
            "result": {
              "duration": 1561490,
              "status": "passed"
            },
            "line": 24,
            "name": "url : https://trunko.sumpahpalapa.com/biller/id/config",
            "match": {
              "arguments": [
                {
                  "val": "https://trunko.sumpahpalapa.com/biller/id/config",
                  "offset": 6
                }
              ],
              "location": "Steps.url(String)"
            },
            "keyword": "Given "
          },
          {
            "result": {
              "duration": 969317,
              "status": "passed"
            },
            "line": 25,
            "name": "Method : GET",
            "match": {
              "arguments": [
                {
                  "val": "GET",
                  "offset": 9
                }
              ],
              "location": "Steps.method(String)"
            },
            "keyword": "And "
          },
          {
            "result": {
              "duration": 992759,
              "status": "passed"
            },
            "line": 26,
            "name": "User Input id : 1000",
            "match": {
              "arguments": [
                {
                  "val": "1000",
                  "offset": 16
                }
              ],
              "location": "Steps.userInputId(String)"
            },
            "keyword": "When "
          },
          {
            "result": {
              "duration": 316326832,
              "status": "passed"
            },
            "line": 27,
            "name": "Send request",
            "match": {
              "location": "Steps.sendRequest()"
            },
            "keyword": "And "
          },
          {
            "result": {
              "duration": 5675921,
              "status": "passed"
            },
            "line": 28,
            "name": "User Get Http response code : 400",
            "match": {
              "arguments": [
                {
                  "val": "400",
                  "offset": 30
                }
              ],
              "location": "Steps.getHttpResponseCode(String)"
            },
            "keyword": "Then "
          }
        ],
        "tags": [
          {
            "name": "@tag"
          },
          {
            "name": "@tag1"
          }
        ]
      }
    ],
    "name": "Get Biller Config Failed",
    "description": "",
    "id": "get-biller-config-failed",
    "keyword": "Feature",
    "uri": "/Users/reinard/Documents/Katalon Project/Trunko/Include/features/API Biller CRUD/Get Biller Config Failed.feature",
    "tags": [
      {
        "name": "@tag",
        "type": "Tag",
        "location": {
          "line": 19,
          "column": 1
        }
      }
    ]
  }
]