[
  {
    "line": 20,
    "elements": [
      {
        "line": 33,
        "name": "Get Biller Config Success",
        "description": "",
        "id": "get-biller-config-success;get-biller-config-success;;2",
        "type": "scenario",
        "keyword": "Scenario Outline",
        "steps": [
          {
            "result": {
              "duration": 578539081,
              "status": "passed"
            },
            "line": 24,
            "name": "url : https://trunko.sumpahpalapa.com/biller/id/config",
            "match": {
              "arguments": [
                {
                  "val": "https://trunko.sumpahpalapa.com/biller/id/config",
                  "offset": 6
                }
              ],
              "location": "Steps.url(String)"
            },
            "keyword": "Given "
          },
          {
            "result": {
              "duration": 2080208,
              "status": "passed"
            },
            "line": 25,
            "name": "Method : GET",
            "match": {
              "arguments": [
                {
                  "val": "GET",
                  "offset": 9
                }
              ],
              "location": "Steps.method(String)"
            },
            "keyword": "And "
          },
          {
            "result": {
              "duration": 1459376,
              "status": "passed"
            },
            "line": 26,
            "name": "User Input id : 63",
            "match": {
              "arguments": [
                {
                  "val": "63",
                  "offset": 16
                }
              ],
              "location": "Steps.userInputId(String)"
            },
            "keyword": "When "
          },
          {
            "result": {
              "duration": 5372656734,
              "status": "passed"
            },
            "line": 27,
            "name": "Send request",
            "match": {
              "location": "Steps.sendRequest()"
            },
            "keyword": "And "
          },
          {
            "result": {
              "duration": 85798668,
              "status": "passed"
            },
            "line": 28,
            "name": "User Get Http response code : 200",
            "match": {
              "arguments": [
                {
                  "val": "200",
                  "offset": 30
                }
              ],
              "location": "Steps.getHttpResponseCode(String)"
            },
            "keyword": "Then "
          },
          {
            "result": {
              "duration": 7917057,
              "status": "passed"
            },
            "line": 29,
            "name": "Config of Biller : 63 Shown",
            "match": {
              "arguments": [
                {
                  "val": "63",
                  "offset": 19
                }
              ],
              "location": "Steps.configOfBillerShown(String)"
            },
            "keyword": "And "
          }
        ],
        "tags": [
          {
            "name": "@tag"
          },
          {
            "name": "@tag1"
          }
        ]
      }
    ],
    "name": "Get Biller Config Success",
    "description": "",
    "id": "get-biller-config-success",
    "keyword": "Feature",
    "uri": "/Users/reinard/Documents/Katalon Project/Trunko/Include/features/API Biller CRUD/Get Biller Config Success.feature",
    "tags": [
      {
        "name": "@tag",
        "type": "Tag",
        "location": {
          "line": 19,
          "column": 1
        }
      }
    ]
  }
]