[
  {
    "line": 20,
    "elements": [
      {
        "line": 34,
        "name": "Update Biller Config Success",
        "description": "",
        "id": "update-biller-config-success;update-biller-config-success;;2",
        "type": "scenario",
        "keyword": "Scenario Outline",
        "steps": [
          {
            "result": {
              "duration": 1875069,
              "status": "passed"
            },
            "line": 24,
            "name": "url : https://trunko.sumpahpalapa.com/biller/id/config",
            "match": {
              "arguments": [
                {
                  "val": "https://trunko.sumpahpalapa.com/biller/id/config",
                  "offset": 6
                }
              ],
              "location": "Steps.url(String)"
            },
            "keyword": "Given "
          },
          {
            "result": {
              "duration": 987357,
              "status": "passed"
            },
            "line": 25,
            "name": "Method : POST",
            "match": {
              "arguments": [
                {
                  "val": "POST",
                  "offset": 9
                }
              ],
              "location": "Steps.method(String)"
            },
            "keyword": "And "
          },
          {
            "result": {
              "duration": 1188434,
              "status": "passed"
            },
            "line": 26,
            "name": "User Input id : 8",
            "match": {
              "arguments": [
                {
                  "val": "8",
                  "offset": 16
                }
              ],
              "location": "Steps.userInputId(String)"
            },
            "keyword": "When "
          },
          {
            "result": {
              "duration": 1463492,
              "status": "passed"
            },
            "line": 27,
            "name": "Request body : {\"Key\":\"Value\"}",
            "match": {
              "arguments": [
                {
                  "val": "{\"Key\":\"Value\"}",
                  "offset": 15
                }
              ],
              "location": "Steps.requestBody(String)"
            },
            "keyword": "And "
          },
          {
            "result": {
              "duration": 738352357,
              "status": "passed"
            },
            "line": 28,
            "name": "Send request",
            "match": {
              "location": "Steps.sendRequest()"
            },
            "keyword": "And "
          },
          {
            "result": {
              "duration": 4203251,
              "status": "passed"
            },
            "line": 29,
            "name": "User Get Http response code : 200",
            "match": {
              "arguments": [
                {
                  "val": "200",
                  "offset": 30
                }
              ],
              "location": "Steps.getHttpResponseCode(String)"
            },
            "keyword": "Then "
          },
          {
            "result": {
              "duration": 1393860527,
              "status": "passed"
            },
            "line": 30,
            "name": "Biller Config Updated",
            "match": {
              "location": "Steps.billerConfigUpdated()"
            },
            "keyword": "And "
          }
        ],
        "tags": [
          {
            "name": "@tag"
          },
          {
            "name": "@tag1"
          }
        ]
      }
    ],
    "name": "Update Biller Config Success",
    "description": "",
    "id": "update-biller-config-success",
    "keyword": "Feature",
    "uri": "/Users/reinard/Documents/Katalon Project/Trunko/Include/features/API Biller CRUD/Update Biller Config Success.feature",
    "tags": [
      {
        "name": "@tag",
        "type": "Tag",
        "location": {
          "line": 19,
          "column": 1
        }
      }
    ]
  }
]